tid:ID(Tweet),type,tweet_text,quote_count,reply_count,like_count,sentiment,retweet_count,tweet_date,tweet_datetime,verified
956677973742051329,retweet,RT @MUFC_Malaysia: Jose Mourinho confirms Alexis Sanchez will be in Manchester United squad vs Yeovil Town.,0,0,0,0,0,2018-01-25,2018-01-25 23:59:37,True
956677974014783488,retweet,RT @PJMedia_com: Vote and retweet: Who would you trust more with nuclear weapons?üîó: https://t.co/8p0OfUY4DKüì∞: @Tyler2ONeil #ThursdayTh‚Ä¶,0,0,0,1,0,2018-01-25,2018-01-25 23:59:37,True
956677975612772352,retweet,RT @AMErikaNGIRLBOT: RT if u agree President Trump is a Real Hero with a big heart &amp; has done the right thing even when no one is watching!‚Ä¶,0,0,0,1,0,2018-01-25,2018-01-25 23:59:38,True
956677978166996998,Tweet,#HappyRepublicDay .,0,0,0,0,0,2018-01-25,2018-01-25 23:59:38,True
956677978532040704,retweet,RT @bocavista2016: THAT ANGER YOU FEELWhen you find out your incompetent minions in the FBI failed to delete the #PeterStrzok texts...üòÜ‚Ä¶,0,0,0,-1,0,2018-01-25,2018-01-25 23:59:38,True
956677980956385280,retweet,RT @JoeBelsha1: #ISTANDWITHGENFLYNN #ThursdayThoughts Winning against a determined enemies requires a willingness to clearly define the‚Ä¶,0,0,0,1,0,2018-01-25,2018-01-25 23:59:39,True
956677981270892544,retweet,RT @Kemet2MkMert: #1YearOfRaees @iamsrk my liking notes:- Outlaws aren't all bad by nature- Culture &amp; circumstances somehow create the ou‚Ä¶,0,0,0,1,0,2018-01-25,2018-01-25 23:59:39,True
956677981656592385,Tweet,Nayeem Hasan gets the big fish. Shubman Gill is OUT for 86. India: 181/4 (36 overs) #INDvBAN #U19CWC,0,0,23,0,3,2018-01-25,2018-01-25 23:59:39,True
956677983636475905,Tweet,Need #help with #timestables? #Multiplication #maths game day for #kids! https://t.co/aN4k17OtKr#app #apps‚Ä¶ https://t.co/BIhJp85Ob3,0,0,0,0,0,2018-01-25,2018-01-25 23:59:40,True
956677984156618752,QuotedTweet,Special One https://t.co/uecZHkMwbz,0,0,0,0,0,2018-01-25,2018-01-25 23:59:40,True
956677985914052608,retweet,RT @TomHall: Cheese!!!!!!!!!!üßÄ #Foodie #ThursdayThoughts #Beer #HappyHour https://t.co/oWkmrNheok,0,0,0,0,0,2018-01-25,2018-01-25 23:59:40,True
956677987071488000,retweet,"RT @VasundharaBJP: #Rajmata #VijayaRajeScindia ‡§≠‡§æ‡§∞‡§§‡•Ä‡§Ø ‡§∞‡§æ‡§ú‡§®‡•Ä‡§§‡§ø ‡§ï‡§æ ‡§µ‡•ã ‡§Ü‡§¶‡§∞‡•ç‡§∂ ‡§µ‡•ç‡§Ø‡§ï‡•ç‡§§‡§ø‡§§‡•ç‡§µ ‡§π‡•à‡§Ç, ‡§ú‡§ø‡§®‡•ç‡§π‡•ã‡§Ç‡§®‡•á ‡§∞‡§æ‡§ú‡§∏‡•Ä ‡§†‡§æ‡§†-‡§¨‡§æ‡§ü ‡§ï‡§æ ‡§Æ‡•ã‡§π ‡§§‡•ç‡§Ø‡§æ‡§ó ‡§ú‡§®‡§∏‡•á‡§µ‡§æ ‡§ï‡•ã ‡§Ö‡§™‚Ä¶",0,0,0,0,0,2018-01-25,2018-01-25 23:59:40,True
956677987126128642,retweet,RT @ManUtd: We are delighted to announce Jose Mourinho has signed an extension to his contract with #MUFC.Club statement: https://t.co/vb‚Ä¶,0,0,0,1,0,2018-01-25,2018-01-25 23:59:41,True
956677989609062400,Tweet,"We wish all our Indian citizens  very #HappyRepublicDay. Being pride to be an Indian,  lets take a oath to keep our‚Ä¶ https://t.co/EonN189n6Q",0,0,0,1,0,2018-01-25,2018-01-25 23:59:41,True
956677990007607297,retweet,"RT @AHamiltonSpirit: Pharmaceutical giant, Eli Lilly, w/ hx of bribing Russian officials for gov. contracts was 2nd largest contributor to‚Ä¶",0,0,0,0,0,2018-01-25,2018-01-25 23:59:41,True
956677990280318978,retweet,RT @SparkleSoup45: CASE CLOSED: Schiff and Feinstein Just Got the Results on Their ‚ÄòRussian Bot‚Äô Investigation Sorry DEMSRussia is not t‚Ä¶,0,0,0,0,0,2018-01-25,2018-01-25 23:59:41,True
956677990921912320,retweet,RT @grantstern: *** #BREAKING BOMBSHELL ALERT ***How do we know that Putin's hackers were behind the #TrumpRussia hacks into the DNC? D‚Ä¶,0,0,0,-1,0,2018-01-25,2018-01-25 23:59:41,True
956677991047794688,retweet,RT @am_jaanu: One of the top racchest scene BATTERY NAHI BOLNEKAüëå @iamsrk #1YearOfRaees https://t.co/0HBr7Oku0Q,0,0,0,0,0,2018-01-25,2018-01-25 23:59:41,True
956677991513272321,retweet,"RT @Hari_oum_1: All physical, emotional, moral sufferings are instantaneously eliminated with the dawn of the knowledge of Vedanta. And it‚Ä¶",0,0,0,1,0,2018-01-25,2018-01-25 23:59:42,True
956677993761591296,retweet,RT @TomHall: Baby #Elephantsthat think they areLap Dogs!üêò üêò üêò üêò üêò#ThursdayThoughts #Travel #MakeADayBetterIn5Words   https://t.co/t‚Ä¶,0,0,0,0,0,2018-01-25,2018-01-25 23:59:42,True
956677993803468800,retweet,RT @SparkleSoup45: CASE CLOSED: Schiff and Feinstein Just Got the Results on Their ‚ÄòRussian Bot‚Äô Investigation Sorry DEMSRussia is not t‚Ä¶,0,0,0,0,0,2018-01-25,2018-01-25 23:59:42,True
956677994310873088,Tweet,Is It Possible to Make Real Friends Online? - Read More: https://t.co/GnKUyBEMIH#ThursdayThoughts‚Ä¶ https://t.co/HpuYXTdtX2,0,0,0,0,0,2018-01-25,2018-01-25 23:59:42,True
956677994327625730,retweet,"RT @TelanMukund: @AshramGaushala ‡§ó‡•ç‡§∞‡§π‡§£ ‡§ï‡§æ ‡§Æ‡§π‡§æ‡§§‡•ç‡§Æ‡•ç‡§Ø :‡§ó‡•ç‡§∞‡§π‡§£ ‡§ï‡•á ‡§∏‡§Æ‡§Ø ‡§ó‡§æ‡§Ø‡•ã‡§Ç ‡§ï‡•ã ‡§ò‡§æ‡§∏, ‡§™‡§ï‡•ç‡§∑‡§ø‡§Ø‡•ã‡§Ç ‡§ï‡•ã ‡§Ö‡§®‡•ç‡§®, ‡§ú‡§∞‡•Ç‡§∞‡§§‡§Æ‡§Ç‡§¶‡•ã‡§Ç ‡§ï‡•ã ‡§µ‡§∏‡•ç‡§§‡•ç‡§∞‡§¶‡§æ‡§® ‡§ï‡§∞‡§®‡•á ‡§∏‡•á ‡§Ö‡§®‡•á‡§ï ‡§ó‡•Å‚Ä¶",0,0,0,0,0,2018-01-25,2018-01-25 23:59:42,True
956677996521426945,retweet,"RT @LVNancy: #ThursdayThoughts the 1st leak reveals üëâüèº#Comey, Rosenstein, McCabe All Named In #FISAMemo üëàüèºThis is NOT a matter 4 Congres‚Ä¶",0,0,0,-1,0,2018-01-25,2018-01-25 23:59:43,True
956677996647256065,retweet,RT @HamidMirPAK: Kashmir Campaign in London https://t.co/UHRke0t0MO,0,0,0,0,0,2018-01-25,2018-01-25 23:59:43,True
956677996688982016,Reply,@narendramodi @ASEAN Happy independence day sir,0,0,0,0,0,2018-01-25,2018-01-25 23:59:43,True
956677998505230336,QuotedTweet,@gossmology It will be so!! üí•üí•üí•üá∫üá∏üá∫üá∏üá∫üá∏ #QAnon #DeepState #MAGA https://t.co/hYo1cBzwkD,0,0,4,0,2,2018-01-25,2018-01-25 23:59:43,True
956678000392753152,retweet,RT @KatTheHammer1: Question:  DID YOU SANCTUARY CITY MAYORS REALLY THINK YOU COULD KEEP DEFYING THE FEDERAL GOVERNMENT?!!!WE THE PEOP‚Ä¶,0,0,0,0,0,2018-01-25,2018-01-25 23:59:44,True
956678000711491585,retweet,RT @saaquib27: Still enjoying watching Raees Superb movie ‚ù§üòé @iamsrk #1YearOfRaees,0,0,0,1,0,2018-01-25,2018-01-25 23:59:44,True
956678001227309056,retweet,RT @WestlakeWifee: Tune in 2nite @IAxisRadio1  #JusticeForTonie #DomesticViolenceAwareness #ThursdayThoughts#MakeADayBetterIn5Words#Ton‚Ä¶,0,0,0,0,0,2018-01-25,2018-01-25 23:59:44,True
956678001407664128,Tweet,‡§∏‡§Ç‡§Ø‡§Æ ‡§î‡§∞ ‡§∏‡§æ‡§ß‡§®‡§æ ‡§ï‡•á ‡§¨‡§ø‡§®‡§æ ‡§∏‡§ö‡•ç‡§ö‡•Ä ‡§µ‡§ø‡§¶‡•ç‡§Ø‡§æ ‡§π‡§æ‡§∏‡§ø‡§≤ ‡§π‡•ã ‡§π‡•Ä ‡§®‡§π‡•Ä‡§Ç ‡§∏‡§ï‡§§‡•Ä‡•§ ‡§á‡§∏‡§≤‡§ø‡§è ‡§µ‡•ç‡§∞‡§§-‡§â‡§™‡§µ‡§æ‡§∏ ‡§∏‡•á ‡§Ü‡§§‡•ç‡§Æ‡§∂‡§æ‡§Ç‡§§‡§ø ‡§¨‡§¢‡§º‡§æ‡§®‡•á ‡§ï‡§æ ‡§â‡§¶‡•ç‡§Ø‡§Æ ‡§ú‡§∞‡•Ç‡§∞ ‡§ï‡§∞‡§®‡§æ‚Ä¶ https://t.co/JXAuOOZoBK,0,0,0,0,0,2018-01-25,2018-01-25 23:59:44,True
956678001550217217,retweet,RT @grantstern: I decoded Paul Manafort's accidentally leaked #TrumpRusisa PR memo so you don't have to! But now you've gotta share it. P‚Ä¶,0,0,0,0,0,2018-01-25,2018-01-25 23:59:44,True
956678001588162560,QuotedTweet,Go for it. He lll be destroyed ll hillary then write a book what happened https://t.co/jas42vR3Gf,0,0,0,0,0,2018-01-25,2018-01-25 23:59:44,True
956678002296762368,retweet,RT @AynRandPaulRyan: And they wonder why we march.#ThursdayThoughts https://t.co/sLZv7ki0CE https://t.co/IsI9Ls7wKJ,0,0,0,1,0,2018-01-25,2018-01-25 23:59:44,True
956678002565402624,retweet,RT @Juanjos_RP: SantoroüëâEstamos al borde una crisis social sin precedentes#MacricidioDia778#BuenJueves #FelizJueves #FuriaInmediata #Me‚Ä¶,0,0,0,-1,0,2018-01-25,2018-01-25 23:59:44,True
956678002976305153,retweet,RT @jitender_regar: @AshramGaushala Swami Vivekanand told that Indian have forgotten their will power that's why bearing torture of slavery‚Ä¶,0,0,0,-1,0,2018-01-25,2018-01-25 23:59:44,True
956678003475480576,Tweet,"Keep #kids #brains #healthy! https://t.co/Wh71k5utyo#Play #addition, #division, #multiplication #timestables‚Ä¶ https://t.co/6Xk9mUZZV6",0,0,0,0,0,2018-01-25,2018-01-25 23:59:44,True
956678003525812230,retweet,"RT @AnkitLal: ‡§Ü‡§ú ‡§´‡§ø‡§∞ ‡§è‡§ï ‡§¨‡§æ‡§∞ @ArvindKejriwal ‡§∏‡§π‡•Ä ‡§∏‡§æ‡§¨‡§ø‡§§ ‡§π‡•Å‡§è‡•§‡§ú‡•ã ‡§∏‡§™‡§®‡•á ‡§™‡§æ‡§ï‡§ø‡§∏‡•ç‡§§‡§æ‡§® 70 ‡§∏‡§æ‡§≤ ‡§∏‡•á ‡§¶‡•á‡§ñ ‡§∞‡§π‡§æ ‡§•‡§æ, ‡§ú‡•ã ‡§ï‡§æ‡§Æ ISI 70 ‡§∏‡§æ‡§≤ ‡§Æ‡•á‡§Ç ‡§®‡§π‡•Ä‡§Ç ‡§ï‡§∞ ‡§™‡§æ‡§Ø‡•Ä - ‡§µ‡•ã‚Ä¶",0,0,0,0,0,2018-01-25,2018-01-25 23:59:44,True
956678003727060992,retweet,"RT @Varicha9: Sensible people express their feelings in a few words. They do not hurt  but instead are humble, friendly, sympathetic &amp; gent‚Ä¶",0,0,0,-1,0,2018-01-25,2018-01-25 23:59:44,True
956678003827847170,Tweet,The style that generates positive reaction in the listener is the most favorable and appropriate style. Words spoke‚Ä¶ https://t.co/XLz0FPgzpA,0,0,0,1,0,2018-01-25,2018-01-25 23:59:44,True
956678004079554561,retweet,RT @ManUtd: We are delighted to announce Jose Mourinho has signed an extension to his contract with #MUFC.Club statement: https://t.co/vb‚Ä¶,0,0,0,1,0,2018-01-25,2018-01-25 23:59:45,True
956678004087799808,retweet,RT @MaheshFanTrends: ( Bharath Ane Nenu... ) That Word from Superstar in Tomorrow's Oath GOOSEBUMPS Guarantee !! ü§õ#SSMB24FirstOathTomorro‚Ä¶,0,0,0,0,0,2018-01-25,2018-01-25 23:59:45,True
956678007527301120,retweet,RT @ManUtd: We are delighted to announce Jose Mourinho has signed an extension to his contract with #MUFC.Club statement: https://t.co/vb‚Ä¶,0,0,0,1,0,2018-01-25,2018-01-25 23:59:45,True
956678008445722626,Tweet,"‡§Ø‡§¶‡§ø ‡§Ü‡§™ ‡§∏‡§§‡•ç‡§∏‡§Ç‡§ó ‡§®‡§π‡•Ä ‡§ï‡§∞‡•ã‡§ó‡•á ‡§§‡•ã ‡§ï‡•Å‡§∏‡§Ç‡§ó ‡§Ö‡§µ‡§∂‡•ç‡§Ø ‡§π‡•ã‡§ó‡§æ‡•§ ‡§á‡§∏‡§≤‡§ø‡§è ‡§Æ‡§®, ‡§µ‡§ö‡§® ‡§î‡§∞ ‡§ï‡§∞‡•ç‡§Æ ‡§∏‡•á ‡§∏‡§¶‡•à‡§µ ‡§∏‡§§‡•ç‡§∏‡§Ç‡§ó ‡§ï‡§æ ‡§π‡•Ä ‡§∏‡•á‡§µ‡§® ‡§ï‡§∞‡•ã‡•§‚Ä¶ https://t.co/uZY0mRXYgR",0,0,0,0,0,2018-01-25,2018-01-25 23:59:46,True
956678008617631744,retweet,"RT @narendramodi: Rashtrapati Ji, Vice President @MVenkaiahNaidu Ji and I with @ASEAN leaders. https://t.co/VMVDOMrrey",0,0,0,0,0,2018-01-25,2018-01-25 23:59:46,True
956678008986832901,retweet,RT @Hoosiers1986: #ThursdayThoughtsThe corruption of Obama &amp; today's Democratic Party is a national embarrassment!John Kerry is the lat‚Ä¶,0,0,0,-1,0,2018-01-25,2018-01-25 23:59:46,True
956678009301405696,Tweet,@mortgageconsult  #ThursdayThoughts          GE Pamüôèüèº  #tyvm4RTüëèüèº  #Resistüëàüèª#TrumpCare üí©#UniteBlue üá∫üá∏ #Kamala2020‚Ä¶ https://t.co/rEAcZDKCwr,0,0,0,0,1,2018-01-25,2018-01-25 23:59:46,True
956678009376923649,retweet,RT @aliciaBcar:  1 YEAR OF RAEES  üòé @iamsrk @TheMahiraKhan ‚ù§I hope to see them again on screen ... because they have incredible chemistr‚Ä¶,0,0,0,1,0,2018-01-25,2018-01-25 23:59:46,True
956678010182119424,retweet,RT @SahiramDas: #‡§ï‡§¨‡•Ä‡§∞‡§∏‡§æ‡§π‡•á‡§¨_VS_‡§ú‡§æ‡§§‡§ø‡§µ‡§æ‡§¶ ‡§π‡§Æ‡§æ‡§∞‡•á ‡§∏‡§Æ‡§æ‡§ú ‡§Æ‡•á‡§Ç ‡§ï‡•Å‡§õ ‡§Ö‡§∏‡§æ‡§Æ‡§æ‡§ú‡§ø‡§ï ‡§§‡§§‡•ç‡§µ ‡§π‡•à‡§Ç ‡§ú‡§ø‡§®‡•ç‡§π‡•ã‡§Ç‡§®‡•á ‡§ú‡§æ‡§§‡§ø‡§µ‡§æ‡§¶ ‡§î‡§∞ ‡§ß‡§∞‡•ç‡§Æ‡§µ‡§æ‡§¶‡§´‡•à‡§≤‡§æ ‡§∞‡§ñ‡§æ ‡§π‡•à ‡§ï‡•á‡§µ‡§≤ #‡§∏‡§Ç‡§§‡§∞‡§æ‡§Æ‡§™‡§æ‡§≤‡§ú‡•Ä‡§Æ‡§π‡§æ‡§∞‡§æ‡§ú‚Ä¶,0,0,0,0,0,2018-01-25,2018-01-25 23:59:46,True
956678010869989376,retweet,"RT @GENUG: #FBI #Traitorous #Treasonous #agents' #deleted #texts: exactly: SOME were recovered, NOT ALL. the directors all need to be strun‚Ä¶",0,0,0,0,0,2018-01-25,2018-01-25 23:59:46,True
956678011146813440,retweet,RT @aacreations9: üòç Lock Screen .. #SSMB24FirstOathTomorrow #SSMB24 https://t.co/u3j8scghU8,0,0,0,0,0,2018-01-25,2018-01-25 23:59:46,True
956678011948032007,retweet,RT @MagniFieri: I guess my Tweet about Obama spying on the Trump Campaign was on @FoxNews this morning.This makes me happy for one reason‚Ä¶,0,0,0,1,0,2018-01-25,2018-01-25 23:59:46,True
956678012614955010,retweet,RT @bocavista2016: THAT ANGER YOU FEELWhen you find out your incompetent minions in the FBI failed to delete the #PeterStrzok texts...üòÜ‚Ä¶,0,0,0,-1,0,2018-01-25,2018-01-25 23:59:47,True
956678012862369792,retweet,RT @ManUtd: We are delighted to announce Jose Mourinho has signed an extension to his contract with #MUFC.Club statement: https://t.co/vb‚Ä¶,0,0,0,1,0,2018-01-25,2018-01-25 23:59:47,True
956678013013327877,retweet,RT @MadAtAdam_: üö® #OpPedo - List 1 üö®This part 1 of 4 ofl lists of accounts following 360 suspected CP and Pedophile accounts.Let's #TakeO‚Ä¶,0,0,0,0,0,2018-01-25,2018-01-25 23:59:47,True
956678014225481728,retweet,RT @AMErikaNGIRLBOT: RT if u agree President Trump is a Real Hero with a big heart &amp; has done the right thing even when no one is watching!‚Ä¶,0,0,0,1,0,2018-01-25,2018-01-25 23:59:47,True
956678014389059584,retweet,"RT @Hoosiers1986: I love it when Nikki Haley kicks BUTT!Obama ALWAYS showed disrespect towards Israel! Now with @POTUS, our relationship‚Ä¶",0,0,0,1,0,2018-01-25,2018-01-25 23:59:47,True
956678014892498944,retweet,RT @LunaLuvgood2017: Happy Birthday #VirginiaWoolf #OnThisDay    #ThursdayThoughts Women have burnt like Beacons in all the works of al‚Ä¶,0,0,0,1,0,2018-01-25,2018-01-25 23:59:47,True
956678015978647552,retweet,RT @ncbn: It is always a pleasure to meet with a global business leader like you. Hope to have more fruitful interactions with you for deve‚Ä¶,0,0,0,1,0,2018-01-25,2018-01-25 23:59:47,True
956678016297570304,retweet,RT @coolcam101: Vince McMahon will bring back the XFL and tackle the issues. #ThursdayThoughts https://t.co/epl4gTBRMn,0,0,0,0,0,2018-01-25,2018-01-25 23:59:47,True
956678018537312256,retweet,"RT @srkiansana26: Wanna see @TheMahiraKhan and @iamsrk sir back again, pairing together..I think u ppl are guessing it ryt nowüòÇ.. Want Rae‚Ä¶",0,0,0,0,0,2018-01-25,2018-01-25 23:59:48,True
956678018675761152,retweet,"RT @TxStateBobcats: We're not trying to insinuate anything, but you know what school has the same colors as Tide Pods...?#ThursdayThoughts‚Ä¶",0,0,0,-1,0,2018-01-25,2018-01-25 23:59:48,True
956678019204177920,retweet,RT @FunnyBaldChris: All I see on my twitter timeline lately is about some #SecretSocieties . Who ever‚Äôs job it is to keep that shit a secre‚Ä¶,0,0,0,-1,0,2018-01-25,2018-01-25 23:59:48,True
956678023813652480,retweet,RT @UrstrulyAkram: Waiting!! #SSMB24FirstOathTomorrow https://t.co/3tcoLtNcN7,0,0,0,0,0,2018-01-25,2018-01-25 23:59:49,True
956678025466253313,retweet,RT @Hoosiers1986: #ThursdayThoughtsThe corruption of Obama &amp; today's Democratic Party is a national embarrassment!John Kerry is the lat‚Ä¶,0,0,0,-1,0,2018-01-25,2018-01-25 23:59:50,True
956678026955079681,retweet,RT @MaheshSoldiers: Like us on Facebook üëçüëçLink - https://t.co/Xr9q5Mucvz#SSMB24FirstOathTomorrow,0,0,0,0,0,2018-01-25,2018-01-25 23:59:50,True
956678027542491137,retweet,"RT @HeartChez: One year on and still wondering whether we‚Äôll get a bts of Zaalima üôÉ a clip, some pictures, anything will do üò© #1yearofRaees‚Ä¶",0,0,0,0,0,2018-01-25,2018-01-25 23:59:50,True
956678027584274432,Tweet,üí•BREAKING=&gt; Strzok Called Bill? and Relayed Information During 2016 Campaign -- While Investigating Hillary (VI‚Ä¶ https://t.co/OPTCPsVkyq,0,0,0,0,0,2018-01-25,2018-01-25 23:59:50,True
956678027903164422,retweet,"RT @ClareWHarris: See no evil, hear no evil, speak no evil üôà üôâ üôäPlease retweet if school shootings deserved to be covered and not ignor‚Ä¶",0,0,0,0,0,2018-01-25,2018-01-25 23:59:50,True
956678029983567872,retweet,"RT @KatieSims018: Eight years, #Obama and team did all they could to convince YOU that Islam was a religion of Peace - DID HE?#Thursday‚Ä¶",0,0,0,0,0,2018-01-25,2018-01-25 23:59:51,True
956678030281207808,retweet,"RT @DrDenaGrayson: Hey #Missouri women,Your #GOP candidate for senator just wrote, I want to come home to a home cooked dinner at 6 ever‚Ä¶",0,0,0,0,0,2018-01-25,2018-01-25 23:59:51,True
956678030620950528,Tweet,A New Set of Tire3z #XFL2020 so you can #MakeADayBetterIn5Words #WEF2018 #XFLTeamNames Shout Out to Vince McMahon a‚Ä¶ https://t.co/1MX46cwIYB,0,0,0,0,0,2018-01-25,2018-01-25 23:59:51,True
956678032944783360,retweet,RT @FMoniteau: Trump has never been this thoughtful of anyone in his entire life.#ThursdayThoughts #TheResistance #MAGA #Trump #FoxNews #‚Ä¶,0,0,0,1,0,2018-01-25,2018-01-25 23:59:51,True
956678034475638784,QuotedTweet,And...this is exactly the kind of Republican candidate McCaskill is hoping to luck into again. https://t.co/Pc1c8Z4htm,7,34,391,1,76,2018-01-25,2018-01-25 23:59:52,True
956678034698002433,retweet,"RT @brfootball: Jose Mourinho has signed a contract extension with Manchester United until 2020, with an option for a further year üìù https:‚Ä¶",0,0,0,0,0,2018-01-25,2018-01-25 23:59:52,True
956678035771613184,retweet,RT @budhwani_sanjay: @AshramGaushala Practice of chewing 5-7 tulsi leaves after sunrise with a glass of water helps boost children‚Äüs memory‚Ä¶,0,0,0,1,0,2018-01-25,2018-01-25 23:59:52,True
956678035809406978,retweet,"RT @pinkk9lover: No Lemonhhead, it is üíØ% on #CNN and it's crummy employees. #GreatAwakening #ThursdayThoughts https://t.co/ldAEKRZ8Xt",0,0,0,-1,0,2018-01-25,2018-01-25 23:59:52,True
956678035909955584,Reply,@BDUTT @ShashiTharoor ‡§≤‡§ó‡§§‡§æ ‡§π‡•à ‡§Ö‡§¨ ‡§§‡•Å‡§Æ ‡§≠‡•Ä ‡§ú‡§≤‡•ç‡§¶‡•Ä ‡§π‡•Ä settled ‡§π‡•ã‡§®‡•á ‡§ï‡•Ä ‡§ï‡•ã‡§∂‡§ø‡§∂ ‡§Æ‡•á‡§Ç ‡§π‡•ã....‡•§,0,0,0,0,0,2018-01-25,2018-01-25 23:59:52,True
956678036065214464,retweet,RT @ChristiChat: ü§îI wonder if Never TrumpBill Kristol knows the shitstorm that is headed in his direction? You can run weasel but you can‚Ä¶,0,0,0,1,0,2018-01-25,2018-01-25 23:59:52,True
956678037273227266,retweet,RT @Seda_Artist: sketch by me~#artbyseda #1YearOfRaees 1 YEAR OF RAEES #srk #ShahRukhKhan @iamsrk @SRKCHENNAIFC https://t.co/9Nnx36fZqe,0,0,0,0,0,2018-01-25,2018-01-25 23:59:52,True
956678039064072192,retweet,RT @SparkleSoup45: CASE CLOSED: Schiff and Feinstein Just Got the Results on Their ‚ÄòRussian Bot‚Äô Investigation Sorry DEMSRussia is not t‚Ä¶,0,0,0,0,0,2018-01-25,2018-01-25 23:59:53,True
956678039483625472,Tweet,To deliver #JusticeForPeopleAndPlanet we need to stand together and #ChangeTheRules. At #WEF18 and around the world‚Ä¶ https://t.co/nFhmsrexvF,2,1,32,0,14,2018-01-25,2018-01-25 23:59:53,True
956678039898861569,retweet,RT @bocavista2016: THAT ANGER YOU FEELWhen you find out your incompetent minions in the FBI failed to delete the #PeterStrzok texts...üòÜ‚Ä¶,0,0,0,-1,0,2018-01-25,2018-01-25 23:59:53,True
956678042075713536,retweet,"RT @OfficeOfRG: On the eve of our 69th Republic Day, I'm writing this #LettertotheNation, to remind ourselves of the commitments we made in‚Ä¶",0,0,0,0,0,2018-01-25,2018-01-25 23:59:54,True
956678042289614848,retweet,RT @OptaJoe: 31 - @ManUtd have kept the most clean sheets (31) and conceded the fewest goals per game (0.73) in the @premierleague since Jo‚Ä¶,0,0,0,1,0,2018-01-25,2018-01-25 23:59:54,True
956678042570706944,retweet,"RT @artyny59: #ThursdayThoughts Halloween may be long gone, but bad karma lives on forever. Read HALLOWEEN KARMA and learn why by @ZenWriti‚Ä¶",0,0,0,-1,0,2018-01-25,2018-01-25 23:59:54,True
956678044063813632,retweet,RT @LeahR77: President Trump KNEW IT ALL &amp; That‚Äôs Why He Put His LIFE ON THE LINE For the country he loves  !!! https://t.co/jrViK1GV9Z vi‚Ä¶,0,0,0,1,0,2018-01-25,2018-01-25 23:59:54,True
956678046173581313,retweet,RT @ChristiChat: üî•TURN UP THE HEAT!And just like that the DOJ recovers missing text messages between anti-Trump FBI agents Strzok and Page‚Ä¶,0,0,0,1,0,2018-01-25,2018-01-25 23:59:55,True
956678046391685121,retweet,RT @Asad_Umar: ÿßÿ¨ ŸÑ⁄Øÿ™ÿß €Å€í ŸÜÿßÿ¥ÿ™€Å ÿß⁄Ü⁄æÿß ŸÖŸÑÿß €Å€í Ÿæÿß⁄©ÿ≥ÿ™ÿßŸÜ Ÿπ€åŸÖ ⁄©Ÿà !,0,0,0,0,0,2018-01-25,2018-01-25 23:59:55,True
956678048396599296,retweet,"RT @Hoosiers1986: I love it when Nikki Haley kicks BUTT!Obama ALWAYS showed disrespect towards Israel! Now with @POTUS, our relationship‚Ä¶",0,0,0,1,0,2018-01-25,2018-01-25 23:59:55,True
956678050225127424,retweet,"RT @AynRandPaulRyan: You know what @SteveKingIA, @RepAndyHarrisMD, @DanaRohrabacher, @replouiegohmert, and @RepGosar all have in common (ot‚Ä¶",0,0,0,0,0,2018-01-25,2018-01-25 23:59:56,True
956678051080876032,retweet,RT @henricoblue: Wanna help flip #TN #SD14 blue?@Jordan4SenateTN is a terrific #Democrat - and a local farmer!  Show her some blue love!‚Ä¶,0,0,0,1,0,2018-01-25,2018-01-25 23:59:56,True
956678051559104512,retweet,RT @SaadUmer17: 1 YEAR OF RAESS#1YearOfRaees best MOVIE SO FAR,0,0,0,1,0,2018-01-25,2018-01-25 23:59:56,True
956678054746705920,retweet,RT @TheBaxterBean: FUN FACT: Trump asked to borrow a Van Gogh painting for his private residence inside the White House but the Guggenheim‚Ä¶,0,0,0,0,0,2018-01-25,2018-01-25 23:59:57,True
956678055317172224,retweet,"RT @ArifAlvi: We have been on this issue since 2011. My Petition in Supreme Court 2011,raised it in NA 40-50 times, worked in the Parl Elec‚Ä¶",0,0,0,1,0,2018-01-25,2018-01-25 23:59:57,True
956678055942021125,retweet,RT @Rahulda75705035: #SaluteToSoldiers#‡§∏‡§Ç‡§µ‡§ø‡§ß‡§æ‡§®_‡§ï‡•Ä_‡§Ö‡§µ‡§Æ‡§æ‡§®‡§®‡§æ ‡§∏‡•ç‡§µ‡§§‡§Ç‡§§‡•ç‡§∞‡§§‡§æ ‡§ï‡§æ ‡§Ö‡§ß‡§ø‡§ï‡§æ‡§∞ ‡§π‡•ã‡§®‡•á ‡§ï‡•á ‡§¨‡§æ‡§µ‡§ú‡•Ç‡§¶ ‡§≠‡•Ä ‡§∏‡§Ç‡§§ ‡§∞‡§æ‡§Æ‡§™‡§æ‡§≤ ‡§ú‡•Ä ‡§Æ‡§π‡§æ‡§∞‡§æ‡§ú ‡§î‡§∞ ‡§â‡§®‡§ï‡•á ‡§≠‡§ï‡•ç‡§§‡•ã‡§Ç ‡§ï‡§æ ‡§π‚Ä¶,0,0,0,0,0,2018-01-25,2018-01-25 23:59:57,True
956678056596221952,retweet,"RT @TrevDon: If your sick in bed, or just extremely paranoid, this may be right for you.  Made in 'Merica!  #ThursdayThoughts https://t.co‚Ä¶",0,0,0,1,0,2018-01-25,2018-01-25 23:59:57,True
956678056608870400,retweet,"RT @TrevDon: If your sick in bed, or just extremely paranoid, this may be right for you.  Made in 'Merica!  #ThursdayThoughts https://t.co‚Ä¶",0,0,0,1,0,2018-01-25,2018-01-25 23:59:57,True
956678056625647617,retweet,"RT @TrevDon: If your sick in bed, or just extremely paranoid, this may be right for you.  Made in 'Merica!  #ThursdayThoughts https://t.co‚Ä¶",0,0,0,1,0,2018-01-25,2018-01-25 23:59:57,True
956678056642469888,retweet,"RT @TrevDon: If your sick in bed, or just extremely paranoid, this may be right for you.  Made in 'Merica!  #ThursdayThoughts https://t.co‚Ä¶",0,0,0,1,0,2018-01-25,2018-01-25 23:59:57,True
956678056650817541,retweet,"RT @TrevDon: If your sick in bed, or just extremely paranoid, this may be right for you.  Made in 'Merica!  #ThursdayThoughts https://t.co‚Ä¶",0,0,0,1,0,2018-01-25,2018-01-25 23:59:57,True
956678056655007744,retweet,"RT @TrevDon: If your sick in bed, or just extremely paranoid, this may be right for you.  Made in 'Merica!  #ThursdayThoughts https://t.co‚Ä¶",0,0,0,1,0,2018-01-25,2018-01-25 23:59:57,True
956678056663330819,retweet,"RT @TrevDon: If your sick in bed, or just extremely paranoid, this may be right for you.  Made in 'Merica!  #ThursdayThoughts https://t.co‚Ä¶",0,0,0,1,0,2018-01-25,2018-01-25 23:59:57,True
956678056675962880,retweet,"RT @TrevDon: If your sick in bed, or just extremely paranoid, this may be right for you.  Made in 'Merica!  #ThursdayThoughts https://t.co‚Ä¶",0,0,0,1,0,2018-01-25,2018-01-25 23:59:57,True
956678056680177664,retweet,"RT @TrevDon: If your sick in bed, or just extremely paranoid, this may be right for you.  Made in 'Merica!  #ThursdayThoughts https://t.co‚Ä¶",0,0,0,1,0,2018-01-25,2018-01-25 23:59:57,True
956678056709537792,retweet,"RT @TrevDon: If your sick in bed, or just extremely paranoid, this may be right for you.  Made in 'Merica!  #ThursdayThoughts https://t.co‚Ä¶",0,0,0,1,0,2018-01-25,2018-01-25 23:59:57,True
956678056717967360,retweet,"RT @TrevDon: If your sick in bed, or just extremely paranoid, this may be right for you.  Made in 'Merica!  #ThursdayThoughts https://t.co‚Ä¶",0,0,0,1,0,2018-01-25,2018-01-25 23:59:57,True
956678056868962304,retweet,"RT @TrevDon: If your sick in bed, or just extremely paranoid, this may be right for you.  Made in 'Merica!  #ThursdayThoughts https://t.co‚Ä¶",0,0,0,1,0,2018-01-25,2018-01-25 23:59:57,True
956678057447878656,retweet,RT @ChristiChat: #ReleaseTheMemoFBI's McCabe reported the $760K donation3 days AFTER FBI Director Comey made thepublic statement where h‚Ä¶,0,0,0,0,0,2018-01-25,2018-01-25 23:59:57,True
956678058790064128,retweet,RT @TomHall: Baby #Elephantsthat think they areLap Dogs!üêò üêò üêò üêò üêò#ThursdayThoughts #Travel #MakeADayBetterIn5Words   https://t.co/t‚Ä¶,0,0,0,0,0,2018-01-25,2018-01-25 23:59:58,True
956678059658219520,retweet,"RT @LVNancy: #ThursdayThoughts the 1st leak reveals üëâüèº#Comey, Rosenstein, McCabe All Named In #FISAMemo üëàüèºThis is NOT a matter 4 Congres‚Ä¶",0,0,0,-1,0,2018-01-25,2018-01-25 23:59:58,True
956678060027326464,retweet,RT @KatTheHammer1: Question:  DID YOU SANCTUARY CITY MAYORS REALLY THINK YOU COULD KEEP DEFYING THE FEDERAL GOVERNMENT?!!!WE THE PEOP‚Ä¶,0,0,0,0,0,2018-01-25,2018-01-25 23:59:58,True
956678060463419392,retweet,RT @Jitender80006: #KarniSenaHurtsIndia#‡§∏‡§Ç‡§µ‡§ø‡§ß‡§æ‡§®_‡§ï‡•Ä_‡§Ö‡§µ‡§Æ‡§æ‡§®‡§®‡§æ‡§∏‡§Ç‡§µ‡•à‡§ß‡§æ‡§®‡§ø‡§ï ‡§Ö‡§ß‡§ø‡§ï‡§æ‡§∞‡•ã ‡§ï‡•Ä ‡§∞‡§ï‡•ç‡§∑‡§æ ‡§ï‡•á ‡§≤‡§ø‡§è ‡§®‡•ç‡§Ø‡§æ‡§Ø‡§æ‡§≤‡§Ø ‡§ú‡§æ‡§®‡•á ‡§ï‡§æ ‡§Ö‡§ß‡§ø‡§ï‡§æ‡§∞ ‡§ï‡•á ‡§Ü‡§ß‡§æ‡§∞ ‡§∏‡•á ‡§ú‡§¨ ‡§∏‡§Ç‡§§ ‡§∞‡§æ‡§Æ‚Ä¶,0,0,0,0,0,2018-01-25,2018-01-25 23:59:58,True
956678060522295297,retweet,RT @NitishKumar: ‡§¨‡§ø‡§π‡§æ‡§∞ ‡§ï‡•Ä ‡§∂‡•ç‡§∞‡•Ä‡§Æ‡§§‡•Ä ‡§∂‡§æ‡§∞‡§¶‡§æ ‡§∏‡§ø‡§®‡•ç‡§π‡§æ ‡§ú‡•Ä ‡§ï‡•ã ‡§ï‡§≤‡§æ-‡§∏‡§Ç‡§ó‡•Ä‡§§ ‡§ï‡•á ‡§ï‡•ç‡§∑‡•á‡§§‡•ç‡§∞ ‡§Æ‡•á‡§Ç ‡§¨‡•á‡§π‡§§‡§∞‡•Ä‡§® ‡§ï‡§æ‡§∞‡•ç‡§Ø ‡§ï‡•á ‡§≤‡§ø‡§è ‡§™‡§¶‡•ç‡§Æ ‡§≠‡•Ç‡§∑‡§£ ‡§∏‡§Æ‡•ç‡§Æ‡§æ‡§® ‡§π‡•á‡§§‡•Å ‡§π‡§æ‡§∞‡•ç‡§¶‡§ø‡§ï ‡§¨‡§ß‡§æ‡§à‡•§ #Pad‚Ä¶,0,0,0,0,0,2018-01-25,2018-01-25 23:59:58,True
956678062661279749,Reply,"@KirtiUpadhyay0 @AshramGaushala All physical, emotional, moral sufferings are instantaneously eliminated with the d‚Ä¶ https://t.co/tTlros03SA",0,0,1,0,1,2018-01-25,2018-01-25 23:59:59,True
956678062854127616,Tweet,"‡§ú‡§®‡•ç‡§Æ‡§¶‡§ø‡§µ‡§∏ ‡§™‡§∞ ‡§ï‡•ç‡§Ø‡§æ ‡§ï‡§∞‡•á‡§Ç¬†?‡§ú‡§®‡•ç‡§Æ‡§¶‡§ø‡§µ‡§∏ ‡§ï‡•á ‡§Ö‡§µ‡§∏‡§∞ ‡§™‡§∞ ‡§Æ‡§π‡§æ‡§Æ‡•É‡§§‡•ç‡§Ø‡•Å‡§Ç‡§ú‡§Ø ‡§Æ‡§Ç‡§§‡•ç‡§∞ ‡§ï‡§æ ‡§ú‡§™ ‡§ï‡§∞‡§§‡•á ‡§π‡•Å‡§è ‡§ò‡•Ä, ‡§¶‡•Ç‡§ß, ‡§∂‡§π‡§¶ ‡§î‡§∞ ‡§¶‡•Ç‡§∞‡•ç‡§µ‡§æ ‡§ò‡§æ‡§∏ ‡§ï‡•á ‡§Æ‡§ø‡§∂‡•ç‡§∞‡§£‚Ä¶ https://t.co/VIVrREK6ff",0,0,0,0,0,2018-01-25,2018-01-25 23:59:59,True
956678063529578498,retweet,"RT @SkySportsStatto: Jose Mourinho will take charge of his 100th game for Man Utd at Yeovil tomorrow, on his 55th birthday.W61 D23 L15 F1‚Ä¶",0,0,0,0,0,2018-01-25,2018-01-25 23:59:59,True
956678064309760001,retweet,"RT @ishaangulati5: Craze for the movie üòç that beard, soecks, pathani kurta ‚ù§‚ù§ once a lifetime craze...jst becoz its shahdom#1YearOfRaees",0,0,0,0,0,2018-01-25,2018-01-25 23:59:59,True
956678065148518400,retweet,RT @aarti4769: #WednesdayWisdom#‡§ï‡§¨‡•Ä‡§∞‡§∏‡§æ‡§π‡•á‡§¨_VS_‡§ú‡§æ‡§§‡§ø‡§µ‡§æ‡§¶‡§ï‡•á‡§µ‡§≤ #Kabir ‡§∏‡§æ‡§π‡•á‡§¨ ‡§®‡•á ‡§ú‡§æ‡§§‡§ø‡§µ‡§æ‡§¶ ‡§ï‡•ã ‡§ñ‡§§‡•ç‡§Æ ‡§ï‡§ø‡§Ø‡§æüëáüëáüëáüëáüëáüëá‡§¶‡•á‡§ñ‡•á‡§Ç‡§à‡§∂‡•ç‡§µ‡§∞ TV 8:30 PM‡§∏‡§æ‡§ß‡§®‡§æ ‡§ö‡•à‡§®‡§≤ 7:‚Ä¶,0,0,0,0,0,2018-01-25,2018-01-25 23:59:59,True
956678066608074752,Tweet,#HappyRepublicDay https://t.co/luHWcEQOGy,0,0,0,0,0,2018-01-25,2018-01-25 23:59:59,True
